Model,Accuracy,AUC,Precision,Recall,F1,MCC
Logistic Regression,0.9166059723233795,0.9424372906740885,0.7117750439367311,0.4364224137931034,0.5410821643286573,0.516171819793367
Decision Tree,0.894634620053411,0.7327152813811972,0.5328947368421053,0.5237068965517241,0.5282608695652173,0.46898256581406667
KNN,0.9075018208302986,0.8798593831076937,0.625,0.44719827586206895,0.5213567839195979,0.4798199949666503
Naive Bayes,0.8203447438698713,0.8393286534742205,0.3495092693565976,0.6907327586206896,0.46415640839971034,0.400918301572476
Random Forest,0.9191551347414421,0.9456124109627813,0.7072784810126582,0.4816810344827586,0.573076923076923,0.542145859250962
XGBoost,0.917941247875698,0.9498923887919242,0.6594936708860759,0.5614224137931034,0.6065192083818394,0.5633094594187789
